Workbook

Sheet Dashboard
A1: ASSESSMENT WEEK · стартовая диагностика
A3: Цель недели: честно определить текущие знания и практическую самостоятельность до построения основной программы обучения.
A5: Сводка недели
A7: Запланировано | C7: Завершено | E7: Средний балл | G7: Средний ранг | I7: Практика
A8: =COUNTA(Exams!C3:C9) -> 7 | C8: =COUNTIF(Exams!D3:D9,"Завершен") -> 1 | E8: =IFERROR(AVERAGEIF(Exams!D3:D9,"Завершен",Exams!O3:O9),0) -> 24.75 | G8: =IFERROR(AVERAGEIF(Exams!D3:D9,"Завершен",Exams!R3:R9),0) -> 0.8 | I8: =IFERROR(AVERAGEIF(Exams!D3:D9,"Завершен",Exams!Q3:Q9),0) -> 26.25
A11: Контрольные повторы | D11: Как работает Assessment Week
A12: =COUNTIF(Review_Log!D5:D100,"Запланировано") -> 6 | D12: 1 | E12: Экзамен | F12: Решаешь без ИИ и интернета; «не знаю» — нормальный и полезный ответ.
D13: 2 | E13: Самооценка | F13: Ставишь уверенность 0–3: от «не уверен» до «уверен».
D14: 3 | E14: Разбор | F14: Я строго оцениваю теорию, применение, практику и инженерное мышление.
D15: 4 | E15: Ранги | F15: Повышение только за доказанный навык, а не за просмотренный материал.
D16: 5 | E16: Итог недели | F16: Сводим сильные стороны, пробелы и приоритеты в карту компетенций.
A18: Динамика результатов по экзаменам
A20: Экзамен 1 | B20: =Exams!O3 -> 24.75
A21: Экзамен 2 | B21: =Exams!O4 -> 0
A22: Экзамен 3 | B22: =Exams!O5 -> 0
A23: Экзамен 4 | B23: =Exams!O6 -> 0
A24: Экзамен 5 | B24: =Exams!O7 -> 0
A25: Экзамен 6 | B25: =Exams!O8 -> 0
A26: Экзамен 7 | B26: =Exams!O9 -> 0

Sheet Exams
A1: Экзамены Assessment Week
A2: № | B2: Дата | C2: Тема / область | D2: Статус | E2: Время, мин | F2: Тест, баллы | G2: Тест, макс | H2: Открытые, баллы | I2: Открытые, макс | J2: Развернутые, баллы | K2: Развернутые, макс | L2: Практика, баллы | M2: Практика, макс | N2: Инженерный кейс, баллы | O2: Итог, % | P2: Самоуверенность 0–3 | Q2: Практика, % | R2: Итоговый ранг 0–5 | S2: Ключевой вывод | T2: Следующий шаг | U2: Итоговый ранг 0–5 | V2: Ключевой вывод | W2: Пробел / риск | X2: Следующий шаг
A3: 1 | B3: 17.08.2026 | C3: Computer Science Fundamentals | D3: Завершен | E3: 32 | F3: 14 | G3: 20 | H3: 2 | I3: 20 | J3: 2.5 | K3: 20 | L3: 5.25 | M3: 20 | N3: 1 | O3: =(F3+H3+J3+L3+N3)/100*100 -> 24.75 | P3: 0.6 | Q3: =L3/M3*100 -> 26.25 | R3: 0.8 | S3: Тестовое узнавание заметно выше свободного воспроизведения: 14/20 в тесте, но открытые, развернутые и практические задания показывают слабый фундамент. Основы CS требуют системного восстановления почти с базового уровня. | T3: После завершения Assessment Week поставить Computer Science Fundamentals в критический приоритет: Big O → структуры данных → базовые алгоритмы → память/виртуальная память → процессы/потоки → конкурентность.
A4: 2 | B4: 18.08.2026 | C4: Programming & Automation | D4: Не начат | E4: 150 | G4: 20 | I4: 20 | K4: 20 | M4: 20 | O4: =IFERROR((F4+H4+J4+L4+N4)/100*100,"") -> 0 | Q4: =IFERROR(L4/M4*100,"") -> 0 | S4: Python; Bash; Git; файлы; API; SQL basics; автоматизация типовых задач
A5: 3 | B5: 19.08.2026 | C5: Linux & Systems | D5: Не начат | E5: 150 | G5: 20 | I5: 20 | K5: 20 | M5: 20 | O5: =IFERROR((F5+H5+J5+L5+N5)/100*100,"") -> 0 | Q5: =IFERROR(L5/M5*100,"") -> 0 | S5: Linux; users/permissions; processes; systemd; filesystems; logs; SSH; диагностика
A6: 4 | B6: 20.08.2026 | C6: Networks & Network Security | D6: Не начат | E6: 165 | G6: 20 | I6: 20 | K6: 20 | M6: 20 | O6: =IFERROR((F6+H6+J6+L6+N6)/100*100,"") -> 0 | Q6: =IFERROR(L6/M6*100,"") -> 0 | S6: TCP/IP; switching/routing; VLAN; DNS/DHCP; VPN; firewall; troubleshooting; secure networking
A7: 5 | B7: 21.08.2026 | C7: Windows & Enterprise Infrastructure | D7: Не начат | E7: 150 | G7: 20 | I7: 20 | K7: 20 | M7: 20 | O7: =IFERROR((F7+H7+J7+L7+N7)/100*100,"") -> 0 | Q7: =IFERROR(L7/M7*100,"") -> 0 | S7: Windows Server; AD; DNS; GPO; PowerShell; identity; enterprise administration; hardening
A8: 6 | B8: 22.08.2026 | C8: Cybersecurity Engineering | D8: Не начат | E8: 180 | G8: 20 | I8: 20 | K8: 20 | M8: 20 | O8: =IFERROR((F8+H8+J8+L8+N8)/100*100,"") -> 0 | Q8: =IFERROR(L8/M8*100,"") -> 0 | S8: Security fundamentals; crypto/PKI; IAM; web/appsec; detection; offensive basics; compliance
A9: 7 | B9: 23.08.2026 | C9: DevOps, Cloud & Infrastructure Security | D9: Не начат | E9: 165 | G9: 20 | I9: 20 | K9: 20 | M9: 20 | O9: =IFERROR((F9+H9+J9+L9+N9)/100*100,"") -> 0 | Q9: =IFERROR(L9/M9*100,"") -> 0 | S9: Docker; Nginx; CI/CD; Kubernetes concepts; IaC; monitoring; cloud/security principles
A11: ИТОГ НЕДЕЛИ | R11: =IFERROR(AVERAGEIF(D3:D9,"Завершен",R3:R9),0) -> 0.8 | S11: =IFERROR(AVERAGEIF(D3:D9,"Завершен",S3:S9),0) -> 0 | T11: =IFERROR(AVERAGEIF(D3:D9,"Завершен",T3:T9),0) -> 0 | U11: =IFERROR(AVERAGEIF(D3:D9,"Завершен",U3:U9),0) -> 0 | V11: Итоговая карта формируется после разбора всех экзаменов.

Sheet Competency_Map
A1: Карта компетенций · baseline
A2: Заполняется после каждого разбора: здесь фиксируется не ощущение «знаю/не знаю», а подтвержденная степень самостоятельности.
A4: Область | B4: Поднавык | C4: Источник оценки | D4: Самооценка до 0–5 | E4: Диагностический балл, % | F4: Подтвержденный ранг 0–5 | G4: Уверенность 0–3 | H4: Сильная сторона? | I4: Ключевой пробел | J4: Ошибочная модель / риск | K4: Приоритет | L4: Доказательство навыка | M4: Дата перепроверки | N4: Комментарий
A5: Computer Science | B5: Алгоритмическая сложность и Big O | C5: Exam 01 · A1/A5/B1/D1 | D5: 1 | E5: 25 | F5: 0.8 | G5: 0.7 | H5: Нет | I5: Не может объяснить Big O и пространственную сложность; узнаёт O(log n) и самостоятельно определил O(n²). | J5: Риск путать асимптотику с фактическим временем и не учитывать память. | K5: Критический | L5: A1 — верно с уверенностью 1/3; B1 — «не знаю»; D1 — O(n²) определено верно, остальное не выполнено. | M5: 46293 | N5: Есть отдельные узнаваемые элементы, но цельной модели алгоритмической сложности пока нет.
A6: Computer Science | B6: Поиск, сортировки и базовые алгоритмические приемы | C6: Exam 01 · A1/A2/D2 | D6: 1 | E6: 10 | F6: 0.4 | G6: 0.7 | H6: Нет | I6: Не может объяснить или реализовать бинарный поиск; базовые алгоритмические шаблоны не воспроизводятся. | J6: Сильный разрыв между распознаванием ответа в тесте и самостоятельным воспроизведением. | K6: Критический | L6: A1 и A2 — верно; D2 — «не знаю что такое бинарный поиск». | M6: 46293 | N6: Это один из самых показательных результатов экзамена.
A7: Computer Science | B7: Структуры данных: array/list/stack/queue/hash/tree | C7: Exam 01 · A3–A8/B2–B3/C3/D3 | D7: 1 | E7: 20 | F7: 0.8 | G7: 0.8 | H7: Нет | I7: Забыты связный список, практическое применение hash table и tree, сложности операций; знание стека/очереди фрагментарное. | J7: Коллизия понимается как проблема, которую надо «избежать», а не корректно разрешить при сохранении разных ключей. | K7: Критический | L7: Stack/LIFO и Queue/FIFO узнаются; коллизия определена верно; D3(a) — очередь верно; остальные сценарии почти не решены. | M7: 46293 | N7: Нужно строить структуры данных от операций и сценариев, а не учить определения.
A8: Computer Science | B8: Память: stack/heap/virtual memory | C8: Exam 01 · A9–A11/B4–B5/C2/E4 | D8: 1 | E8: 15 | F8: 0.5 | G8: 0.4 | H8: Нет | I8: Нет рабочей модели stack/heap, virtual memory, pages, page fault, swap/pagefile и locality. | J8: Виртуальное адресное пространство частично связывается с «ускорением», что не является его основной функцией. | K8: Критический | L8: A9/A10 распознаны верно при 0/3 уверенности; B5 содержит правильную мысль об изоляции; C2 и E4 не выполнены. | M8: 46293 | N8: Изоляция адресных пространств угадывается правильно, механизм виртуальной памяти отсутствует.
A9: Computer Science | B9: Процессы, потоки, scheduling, synchronization | C9: Exam 01 · A12–A16/B6/B8/C1/C4/D4 | D9: 1 | E9: 18 | F9: 0.7 | G9: 0.5 | H9: Нет | I9: Не воспроизводятся lifecycle процесса, scheduling, ожидание I/O, synchronization; race/deadlock понимаются крайне поверхностно. | J9: Race condition трактуется как абстрактный «конфликт доступа», без модели read-modify-write/lost update. | K9: Критический | L9: Тестовые определения process/thread, context switch, race, mutex распознаны; открытые ответы и D4 показывают отсутствие механизма. | M9: 46293 | N9: Приоритет — процессы/потоки и конкурентность с практическими моделями.
A10: Computer Science | B10: CPU, cache, interrupts, I/O, architecture basics | C10: Exam 01 · A17–A20/B7/B9–B10/E1–E3 | D10: 1 | E10: 17 | F10: 0.5 | G10: 0.6 | H10: Нет | I10: Не объясняет interrupts, temporal/spatial locality, CPU-bound vs I/O-bound и причины однопоточного bottleneck. | J10: Средняя загрузка CPU может ошибочно восприниматься как показатель отсутствия CPU bottleneck. | K10: Высокий | L10: System call/user-kernel boundary и cache распознаны; B7 частично верен; инженерный кейс почти не разобран. | M10: 46293 | N10: Нужна связка CPU/cache/I/O/interrupts с реальной диагностикой производительности.
A11: Programming | B11: Python syntax, data types, functions
A12: Programming | B12: Python: files, exceptions, modules, OOP basics
A13: Programming | B13: Bash / shell automation
A14: Programming | B14: Git workflow and version control
A15: Programming | B15: SQL basics and data querying
A16: Linux & Systems | B16: Users, groups, permissions, sudo
A17: Linux & Systems | B17: Processes, systemd, services
A18: Linux & Systems | B18: Filesystems, disks, mounts, logs
A19: Linux & Systems | B19: SSH, networking, troubleshooting
A20: Networks | B20: TCP/IP and OSI reasoning
A21: Networks | B21: Switching, VLAN, STP, LAG
A22: Networks | B22: Routing, subnetting, NAT
... A34: DevOps & Cloud | B34: Docker, CI/CD, Kubernetes, IaC, monitoring, cloud security

Sheet Review_Log
A1: Повторение и контрольные проверки
A2: Сюда попадают навыки, которые нужно перепроверять после первичного изучения: повторение — обязательная часть системы, а не «исправление забывчивости».
A4: Навык / тема | B4: Дата первичной проверки | C4: Дата повтора | D4: Статус | E4: Формат проверки | F4: Результат, % | G4: Ранг до | H4: Ранг после | I4: Что забылось / сломалось | J4: Следующее действие
A5: Big O и анализ сложности | B5: 46251 | C5: 46293 | D5: Запланировано | E5: Практика | G5: 0.8 | I5: Проверить объяснение Big O + time/space complexity на новых задачах. | J5: Вернуться после базового цикла CS.
A6: Бинарный поиск и базовые алгоритмы | B6: 46251 | C6: 46293 | D6: Запланировано | E6: Практика | G6: 0.4 | I6: Реализовать без подсказок и объяснить инвариант/сложность. | J6: Проверить на новом массиве и граничных случаях.
A7: Структуры данных | B7: 46251 | C7: 46293 | D7: Запланировано | E7: Инженерный кейс | G7: 0.8 | I7: Выбирать структуру по операциям и ограничениям; объяснять сложности. | J7: Смешанный кейс array/list/hash/tree/stack/queue.
A8: Память и виртуальная память | B8: 46251 | C8: 46293 | D8: Запланировано | E8: Короткий тест | G8: 0.5 | I8: Stack/heap/pages/page fault/swap/locality. | J8: Связать с диагностикой RAM/swap/latency.
A9: Процессы, потоки и конкурентность | B9: 46251 | C9: 46293 | D9: Запланировано | E9: Инженерный кейс | G9: 0.7 | I9: Lifecycle, scheduling, context switch, race, mutex, deadlock. | J9: Обязательная практическая задача с lost update.
A10: CPU/cache/I-O/system calls | B10: 46251 | C10: 46293 | D10: Запланировано | E10: Инженерный кейс | G10: 0.5 | I10: Cache locality, interrupts, CPU-bound/I-O-bound. | J10: Разбор производительности сервиса.

Sheet Scoring_Rules
A1: Правила диагностики и шкалы
A3: Ранги 0–5: степень самостоятельности | F3: Уверенность ответа 0–3
A4: Ранг | B4: Название | C4: Что означает | D4: Как подтверждается | F4: Уровень | G4: Название | H4: Интерпретация
A5: 0 | B5: Не знаком | C5: Тема практически неизвестна. | D5: Нет практического подтверждения. | F5: 0 | G5: Не уверен | H5: Практически не знаю / случайная догадка.
A6: 1 | B6: Знаю основы | C6: Понимаю базовые термины и принципы. | D6: Могу объяснить основу своими словами. | F6: 1 | G6: Скорее предполагаю | H6: Есть направление мысли, но знание неустойчивое.
A7: 2 | B7: Делаю с опорой | C7: Типовые задачи решаю с документацией / подсказками. | D7: Практика есть, но самостоятельность нестабильна. | F7: 2 | G7: Почти уверен | H7: Ответ кажется правильным, остаются сомнения.
A8: 3 | B8: Самостоятельный | C8: Типовую задачу решаю сам и понимаю действия. | D8: Навык подтвержден самостоятельной работой. | F8: 3 | G8: Уверен | H8: Считаю ответ надежным и могу его защищать.
A9: 4 | B9: Инженерный | C9: Диагностирую нетипичные проблемы, выбираю решения и trade-offs. | D9: Справляюсь с поломками и неопределенностью.
A10: 5 | B10: Глубокое владение | C10: Проектирую, оптимизирую, объясняю внутреннее устройство и могу обучать. | D10: Уровень устойчив в сложных сценариях.
A12: Принципы Assessment Week
A13: 1 | B13: Без ИИ и интернета | C13: Диагностика должна измерять собственные знания. Документация разрешается только в заданиях, где это явно указано.
A14: 2 | B14: «Не знаю» лучше воды | C14: Незнание — полезный диагностический сигнал. Угадывание и маскировка пробела мешают построить правильный план.
A15: 3 | B15: Строгая оценка | C15: Баллы выдаются за корректность, понимание механизма, применение и самостоятельность.
A16: 4 | B16: Навык ≠ просмотренный курс | C16: Ранг растет только после практического доказательства.
A17: 5 | B17: Ошибка + уверенность 3 — красный флаг | C17: Это признак неверной модели в голове; такие ошибки разбираются в первую очередь.
A18: 6 | B18: Повторение обязательно | C18: После первичного освоения навыки перепроверяются через 4–6 недель и в комплексных контрольных.
A20: Рекомендуемая структура каждого диагностического экзамена
A21: Блок | B21: Формат | C21: Объем | D21: Что проверяет
A22: A | B22: Быстрый тест | C22: 15–25 вопросов | D22: Широкий охват базы
A23: B | B23: Короткие открытые | C23: 8–12 вопросов | D23: Понимание своими словами
A24: C | B24: Развернутые | C24: 3–5 вопросов | D24: Механизмы и причинно-следственные связи
A25: D | B25: Задачи | C25: 2–5 задач | D25: Применение знаний
A26: E | B26: Практика | C26: по теме | D26: Код / команды / конфигурация / диагностика
A27: F | B27: Инженерный кейс | C27: 1 кейс · 20 баллов | D27: Работа с неопределенностью и выбор решения

Sheet Assessment_Plan
A1: ASSESSMENT WEEK · план диагностики
A4: День | B4: Дата | C4: Экзамен | D4: Что проверяем | E4: Время | F4: Макс. балл | G4: Статус | H4: Результат
A5: 1 | B5: 17.08.2026 | C5: Computer Science Fundamentals | D5: Алгоритмы; структуры данных; устройство компьютера; память; процессы/потоки; основы ОС | E5: 150 | F5: 100 | G5: Завершен | H5: 24.75
A6: 2 | B6: 18.08.2026 | C6: Programming & Automation | D6: Python; Bash; Git; файлы; API; SQL basics; автоматизация типовых задач | E6: 150 | F6: 100 | G6: Не начат
A7: 3 | B7: 19.08.2026 | C7: Linux & Systems | D7: Linux; users/permissions; processes; systemd; filesystems; logs; SSH; диагностика | E7: 150 | F7: 100 | G7: Не начат
A8: 4 | B8: 20.08.2026 | C8: Networks & Network Security | D8: TCP/IP; switching/routing; VLAN; DNS/DHCP; VPN; firewall; troubleshooting; secure networking | E8: 165 | F8: 100 | G8: Не начат
A9: 5 | B9: 21.08.2026 | C9: Windows & Enterprise Infrastructure | D9: Windows Server; AD; DNS; GPO; PowerShell; identity; enterprise administration; hardening | E9: 150 | F9: 100 | G9: Не начат
A10: 6 | B10: 22.08.2026 | C10: Cybersecurity Engineering | D10: Security fundamentals; crypto/PKI; IAM; web/appsec; detection; offensive basics; compliance | E10: 180 | F10: 100 | G10: Не начат
A11: 7 | B11: 23.08.2026 | C11: DevOps, Cloud & Infrastructure Security | D11: Docker; Nginx; CI/CD; Kubernetes concepts; IaC; monitoring; cloud/security principles | E11: 165 | F11: 100 | G11: Не начат

Sheet Exam_01_Review
A1: ЭКЗАМЕН №1 · РАЗБОР И ДИАГНОСТИКА
A3: Computer Science Fundamentals · 17.08.2026 · строгая оценка baseline
A5: Блок | B5: Макс. | C5: Балл | D5: % | E5: Оценка | F5: Что получилось | G5: Главный пробел | H5: Диагностический вывод
A6: A · Тест | B6: 20 | C6: 14 | D6: 70 | E6: Лучший блок | F6: Правильно распознаны бинарный поиск, LIFO/FIFO, collision, process/thread, context switch, race, mutex, system call, cache, modes. | G6: Уверенность низкая; часть правильных ответов получена через логику/узнавание. | H6: Термины знакомы, но это пока не означает владение материалом.
A7: B · Короткие | B7: 20 | C7: 2 | D7: 10 | E7: Очень слабо | F7: Частично: изоляция адресных пространств и user→kernel при чтении файла. | G7: Нет свободного объяснения Big O, структур данных, recursion, concurrency, locality, CPU/I-O bound. | H7: При закрытых вариантах знание выглядит существенно лучше, чем при свободном ответе.
A8: C · Развернутые | B8: 20 | C8: 2.5 | D8: 12.5 | E8: Очень слабо | F8: Фрагменты: создание процесса, адресное пространство, LIFO/FIFO, идея конфликта общего ресурса. | G8: Нет цельных механизмов ОС, виртуальной памяти, структур данных и синхронизации. | H8: Фундаментальные модели пока не собраны в систему.
A9: D · Практика | B9: 20 | C9: 5.25 | D9: 26.25 | E9: Слабо | F9: Самостоятельно найдено O(n²); очередь выбрана для FIFO; уловлена проблема производительности общей блокировки. | G9: Не реализуется бинарный поиск; почти нет выбора структур данных; lost update не объяснен. | H9: Практическое применение отстает сильнее теоретического узнавания.
A10: E · Инженерный кейс | B10: 20 | C10: 1 | D10: 5 | E10: Практически отсутствует | F10: Замечено, что одно ядро на 100% — потенциальная проблема. | G10: Не строятся гипотезы по списку, RAM/swap, потокам, локальности и сложности поиска. | H10: Пока недостаточно базы, чтобы связать CS-концепции с диагностикой реальной системы.
A12: Итог
A13: Итоговый балл | B13: 24.75 | D13: Главный вывод: ты не «в нуле» в буквальном смысле — знакомство с терминологией сохранилось, что видно по 14/20 в тесте. Но уровень самостоятельного воспроизведения и применения действительно близок к начальному. Поэтому Computer Science Fundamentals нужно не «освежить за вечер», а системно пересобрать с базы и закрепить практикой.
A14: Подтвержденный общий ранг | B14: 0.8
A15: Фактическое время | B15: ≈32 мин из 150
A17: Ключевые диагностические сигналы
A18: 1 | B18: Узнавание ≠ воспроизведение | D18: A1/A2 правильны, но D2: «не знаю что такое бинарный поиск». Это самый чистый пример разрыва между тестовым узнаванием и рабочим знанием.
A19: 2 | B19: Честность дала полезные данные | D19: Большое число ответов «не знаю» делает baseline качественным: нам не придется лечить выдуманные сильные стороны.
A20: 3 | B20: Сохранились отдельные опорные точки | D20: LIFO/FIFO, collision, system call, user/kernel, cache и O(n²) не исчезли полностью. На них можно быстро наращивать новую систему.
A21: 4 | B21: Главная проблема — отсутствие связной модели | D21: Термины иногда знакомы по отдельности, но они не объединяются в процесс выполнения программы, модель памяти или алгоритмический выбор.
A22: 5 | B22: Инженерное мышление ограничено нехваткой фундамента | D22: Кейс почти не решается, потому что пока нет инструментов: complexity, locality, swap, concurrency и profiling.
A24: Приоритет восстановления после Assessment Week
A25: № | B25: Тема | D25: Приоритет | E25: Зачем
A26: 1 | B26: Big O + time/space complexity | D26: Критический | E26: Нужно для алгоритмов, структур данных и оценки решений.
A27: 2 | B27: Структуры данных | D27: Критический | E27: Array/list/stack/queue/hash/tree через операции, сложности и выбор под задачу.
A28: 3 | B28: Базовые алгоритмы | D28: Критический | E28: Linear/binary search, основные сортировки и базовые алгоритмические шаблоны.
A29: 4 | B29: Память и виртуальная память | D29: Критический | E29: Stack/heap/pages/page fault/swap/locality и связь с производительностью.
A30: 5 | B30: Процессы и потоки | D30: Критический | E30: Lifecycle, scheduling, context switch, I/O states.
A31: 6 | B31: Concurrency | D31: Критический | E31: Race, critical section, mutex, atomics, deadlock.
A32: 7 | B32: CPU/cache/I-O | D32: Высокий | E32: Locality, interrupts, CPU-bound/I-O-bound и поиск bottleneck.
